<?xml version="1.0" encoding="UTF-8"?>
<Configuration status="WARN">
    <Appenders>
        <Console name="Console" target="SYSTEM_OUT">
            <PatternLayout pattern="%d{yyyy-MM-dd HH:mm:ss} [%t] %-5level %logger{36} - %msg%n"/>
        </Console>
        
        <File name="File" fileName="logs/game.log">
            <PatternLayout pattern="%d{yyyy-MM-dd HH:mm:ss} [%t] %-5level %logger{36} - %msg%n"/>
        </File>
    </Appenders>
    
    <Loggers>
        <Root level="trace">
            <AppenderRef ref="File"/>
        </Root>
    </Loggers>
</Configuration>
